imagename,WIname
1740389208.77.png,receive_t001_31.csv
1740389208.95.png,receive_t002_31.csv
1740389209.16.png,receive_t003_31.csv
1740389209.38.png,receive_t004_31.csv
1740389209.59.png,receive_t005_31.csv
1740389209.82.png,receive_t006_31.csv
1740389210.02.png,receive_t007_31.csv
1740389210.23.png,receive_t008_31.csv
1740389210.47.png,receive_t009_31.csv
1740389210.69.png,receive_t010_31.csv
1740389210.93.png,receive_t011_31.csv
1740389211.16.png,receive_t012_31.csv
1740389211.38.png,receive_t013_31.csv
1740389211.63.png,receive_t014_31.csv
1740389211.84.png,receive_t015_31.csv
1740389212.08.png,receive_t016_31.csv
1740389212.33.png,receive_t017_31.csv
1740389212.56.png,receive_t018_31.csv
1740389212.78.png,receive_t019_31.csv
1740389213.01.png,receive_t020_31.csv
1740389213.24.png,receive_t021_31.csv
1740389213.47.png,receive_t022_31.csv
1740389213.71.png,receive_t023_31.csv
1740389213.95.png,receive_t024_31.csv
1740389214.17.png,receive_t025_31.csv
1740389214.41.png,receive_t026_31.csv
1740389214.65.png,receive_t027_31.csv
1740389214.89.png,receive_t028_31.csv
1740389215.11.png,receive_t029_31.csv
1740389215.35.png,receive_t030_31.csv
1740389215.57.png,receive_t031_31.csv
1740389215.80.png,receive_t032_31.csv
1740389216.04.png,receive_t033_31.csv
1740389216.27.png,receive_t034_31.csv
1740389216.49.png,receive_t035_31.csv
1740389216.73.png,receive_t036_31.csv
1740389216.97.png,receive_t037_31.csv
1740389217.20.png,receive_t038_31.csv
1740389217.44.png,receive_t039_31.csv
1740389217.67.png,receive_t040_31.csv
1740389217.90.png,receive_t041_31.csv
1740389218.16.png,receive_t042_31.csv
1740389218.41.png,receive_t043_31.csv
1740389218.65.png,receive_t044_31.csv
1740389218.89.png,receive_t045_31.csv
1740389219.13.png,receive_t046_31.csv
1740389219.37.png,receive_t047_31.csv
1740389219.61.png,receive_t048_31.csv
1740389219.84.png,receive_t049_31.csv
1740389220.08.png,receive_t050_31.csv
1740389220.31.png,receive_t051_31.csv
1740389220.55.png,receive_t052_31.csv
1740389220.80.png,receive_t053_31.csv
1740389221.03.png,receive_t054_31.csv
1740389221.27.png,receive_t055_31.csv
1740389221.50.png,receive_t056_31.csv
1740389221.74.png,receive_t057_31.csv
1740389221.98.png,receive_t058_31.csv
1740389222.21.png,receive_t059_31.csv
1740389222.46.png,receive_t060_31.csv
1740389222.70.png,receive_t061_31.csv
1740389222.94.png,receive_t062_31.csv
1740389223.17.png,receive_t063_31.csv
1740389223.40.png,receive_t064_31.csv
1740389223.64.png,receive_t065_31.csv
1740389223.89.png,receive_t066_31.csv
1740389224.14.png,receive_t067_31.csv
1740389224.37.png,receive_t068_31.csv
1740389224.61.png,receive_t069_31.csv
1740389224.86.png,receive_t070_31.csv
1740389225.10.png,receive_t071_31.csv
1740389225.31.png,receive_t072_31.csv
1740389225.56.png,receive_t073_31.csv
1740389225.79.png,receive_t074_31.csv
1740389226.04.png,receive_t075_31.csv
1740389226.28.png,receive_t076_31.csv
1740389226.52.png,receive_t077_31.csv
1740389226.77.png,receive_t078_31.csv
1740389227.01.png,receive_t079_31.csv
1740389227.26.png,receive_t080_31.csv
1740389227.50.png,receive_t081_31.csv
1740389227.71.png,receive_t082_31.csv
1740389227.94.png,receive_t083_31.csv
1740389228.17.png,receive_t084_31.csv
1740389228.42.png,receive_t085_31.csv
1740389228.65.png,receive_t086_31.csv
1740389228.90.png,receive_t087_31.csv
1740389229.15.png,receive_t088_31.csv
1740389229.39.png,receive_t089_31.csv
1740389229.65.png,receive_t090_31.csv
1740389229.88.png,receive_t091_31.csv
1740389230.12.png,receive_t092_31.csv
1740389230.35.png,receive_t093_31.csv
1740389230.60.png,receive_t094_31.csv
1740389230.84.png,receive_t095_31.csv
1740389231.08.png,receive_t096_31.csv
1740389231.30.png,receive_t097_31.csv
1740389231.54.png,receive_t098_31.csv
1740389231.77.png,receive_t099_31.csv
1740389232.04.png,receive_t100_31.csv
1740389232.28.png,receive_t101_31.csv
1740389232.54.png,receive_t102_31.csv
1740389232.75.png,receive_t103_31.csv
1740389232.99.png,receive_t104_31.csv
1740389233.23.png,receive_t105_31.csv
1740389233.48.png,receive_t106_31.csv
1740389233.74.png,receive_t107_31.csv
1740389233.98.png,receive_t108_31.csv
1740389234.22.png,receive_t109_31.csv
1740389234.45.png,receive_t110_31.csv
1740389234.69.png,receive_t111_31.csv
1740389234.93.png,receive_t112_31.csv
1740389235.15.png,receive_t113_31.csv
1740389235.38.png,receive_t114_31.csv
1740389235.61.png,receive_t115_31.csv
1740389235.84.png,receive_t116_31.csv
1740389236.07.png,receive_t117_31.csv
1740389236.30.png,receive_t118_31.csv
1740389236.53.png,receive_t119_31.csv
1740389236.76.png,receive_t120_31.csv
1740389237.00.png,receive_t121_31.csv
1740389237.24.png,receive_t122_31.csv
1740389237.48.png,receive_t123_31.csv
1740389237.71.png,receive_t124_31.csv
1740389237.95.png,receive_t125_31.csv
1740389238.18.png,receive_t126_31.csv
1740389238.42.png,receive_t127_31.csv
1740389238.69.png,receive_t128_31.csv
1740389238.91.png,receive_t129_31.csv
1740389239.16.png,receive_t130_31.csv
1740389239.39.png,receive_t131_31.csv
1740389239.64.png,receive_t132_31.csv
1740389239.90.png,receive_t133_31.csv
1740389240.14.png,receive_t134_31.csv
1740389240.38.png,receive_t135_31.csv
1740389240.65.png,receive_t136_31.csv
1740389240.85.png,receive_t137_31.csv
1740389241.09.png,receive_t138_31.csv
1740389241.34.png,receive_t139_31.csv
1740389241.57.png,receive_t140_31.csv
1740389241.80.png,receive_t141_31.csv
1740389242.04.png,receive_t142_31.csv
1740389242.29.png,receive_t143_31.csv
1740389242.52.png,receive_t144_31.csv
1740389242.79.png,receive_t145_31.csv
1740389243.03.png,receive_t146_31.csv
1740389243.27.png,receive_t147_31.csv
1740389243.53.png,receive_t148_31.csv
1740389243.78.png,receive_t149_31.csv
1740389244.02.png,receive_t150_31.csv
